{"ABQ": 0, "ALB": 1, "ANC": 2, "ASE": 3, "ATL": 4, "ATW": 5, "AUS": 6, "AVL": 7, "AVP": 8, "AZA": 9, "BDL": 10, "BHM": 11, "BLV": 12, "BMI": 13, "BNA": 14, "BOI": 15, "BOS": 16, "BTV": 17, "BUF": 18, "BUR": 19, "BWI": 20, "BZN": 21, "CAK": 22, "CHA": 23, "CHO": 24, "CHS": 25, "CID": 26, "CLE": 27, "CLT": 28, "CMH": 29, "CMI": 30, "CMX": 31, "COS": 32, "COU": 33, "CRW": 34, "CVG": 35, "CWA": 36, "DAL": 37, "DAY": 38, "DCA": 39, "DEC": 40, "DEN": 41, "DFW": 42, "DLH": 43, "DSM": 44, "DTW": 45, "EAU": 46, "ECP": 47, "EGE": 48, "ELP": 49, "EWR": 50, "EYW": 51, "FAR": 52, "FCA": 53, "FLL": 54, "FNT": 55, "FOD": 56, "FSD": 57, "FWA": 58, "GRB": 59, "GRR": 60, "GSO": 61, "GSP": 62, "GUC": 63, "HDN": 64, "HNL": 65, "HOU": 66, "HPN": 67, "HRL": 68, "HSV": 69, "IAD": 70, "IAH": 71, "ICT": 72, "IND": 73, "JAC": 74, "JAX": 75, "JFK": 76, "JLN": 77, "JST": 78, "KOA": 79, "LAN": 80, "LAS": 81, "LAX": 82, "LEX": 83, "LGA": 84, "LGB": 85, "LIT": 86, "LNK": 87, "LSE": 88, "MBS": 89, "MCI": 90, "MCO": 91, "MCW": 92, "MDT": 93, "MDW": 94, "MEM": 95, "MGW": 96, "MHT": 97, "MIA": 98, "MKE": 99, "MLI": 100, "MQT": 101, "MSN": 102, "MSP": 103, "MSY": 104, "MTJ": 105, "MYR": 106, "OAK": 107, "OGG": 108, "OKC": 109, "OMA": 110, "ONT": 111, "ORD": 112, "ORF": 113, "PBI": 114, "PDX": 115, "PGD": 116, "PHL": 117, "PHX": 118, "PIA": 119, "PIE": 120, "PIT": 121, "PNS": 122, "PSP": 123, "PVD": 124, "PVU": 125, "PWM": 126, "RDU": 127, "RFD": 128, "RIC": 129, "RNO": 130, "ROA": 131, "ROC": 132, "RSW": 133, "SAN": 134, "SAT": 135, "SAV": 136, "SBN": 137, "SCE": 138, "SDF": 139, "SEA": 140, "SFB": 141, "SFO": 142, "SGF": 143, "SJC": 144, "SJU": 145, "SLC": 146, "SLN": 147, "SMF": 148, "SNA": 149, "SPI": 150, "SRQ": 151, "STL": 152, "STT": 153, "SUN": 154, "SUX": 155, "SYR": 156, "TPA": 157, "TUL": 158, "TUS": 159, "TVC": 160, "TYS": 161, "VPS": 162, "XNA": 163}